{
  "Author": "shdwp, Avaflow, abashby, nebel,Shiyuvi(汉化)",
  "Name": "Party Icons",
  "InternalName": "PartyIcons",
  "AssemblyVersion": "1.2.2.0",
  "Description": "根据当前内容调整玩家姓名板。例如，您可以显示副本位置（通过监听聊天自动分配）、职业图标或带有职业图标的名称。\n\nJobIcons的作者haplo、daemitus、Loskh、wozaiha通过逆向工程实现了这一功能，没有他们这个插件将不可能实现！",
  "ApplicableVersion": "any",
  "RepoUrl": "https://github.com/nebel/xivPartyIcons",
  "Tags": [
    "UI"
  ],
  "DalamudApiLevel": 11,
  "LoadRequiredState": 0,
  "LoadSync": false,
  "CanUnloadAsync": false,
  "LoadPriority": 0,
  "Punchline": "用职业图标、副本角色位置等替换名称！",
  "AcceptsFeedback": true
}